model_family,model_name,capacity_mae_mean,capacity_rmse_mean,true_positive,false_negative,false_positive,true_negative,precision,eol_detection_rate,specificity,false_alarm_rate,rul_detected_count,rul_mae_detected,rul_rmse_detected,rul_bias_detected,early_warning_count,late_warning_count,exact_warning_count,q10_detection_rate,q50_detection_rate,q90_detection_rate,rul_interval_count,rul_interval_coverage
deep_learning,PatchTST,0.013421921769414752,0.015869270402924112,1,2,0,12,1.0,0.3333333333333333,1.0,0.0,1,19.0,19.0,-19.0,1,0,0,1.0,0.3333333333333333,0.0,0,
baseline,LinearTrend,0.02254331592274995,0.024265812892230457,1,2,0,12,1.0,0.3333333333333333,1.0,0.0,1,27.0,27.0,-27.0,1,0,0,,,,0,
baseline,Persistence,0.04541344876737575,0.04727677174421291,1,2,0,12,1.0,0.3333333333333333,1.0,0.0,1,29.0,29.0,-29.0,1,0,0,,,,0,
machine_learning,RidgeRegression,0.0069260891604714285,0.011836414619614375,0,3,0,12,,0.0,1.0,0.0,0,,,,0,0,0,,,,0,
machine_learning,RandomForestRegressor,0.009202969778584686,0.012958200919361736,0,3,0,12,,0.0,1.0,0.0,0,,,,0,0,0,,,,0,
foundation_model,ChronosBolt_Base,0.01054578846931719,0.014586240239594157,0,3,0,12,,0.0,1.0,0.0,0,,,,0,0,0,1.0,0.0,0.0,0,
baseline,MovingAverage,0.0116729883737252,0.01615267684277765,0,3,0,12,,0.0,1.0,0.0,0,,,,0,0,0,,,,0,
deep_learning,NHITS,0.013052339188101567,0.019028959796322832,0,3,0,12,,0.0,1.0,0.0,0,,,,0,0,0,0.0,0.0,0.0,0,
foundation_model,TimesFM_2p5_200M,0.014366630400499745,0.018469619033292157,0,3,0,12,,0.0,1.0,0.0,0,,,,0,0,0,1.0,0.0,0.0,0,
